Date,Geography,DelinquencyRate
2012-07-01,Canada,0.38
2012-07-01,Newfoundland,0.24
2012-07-01,Prince Edward Island,0.57
2012-07-01,Nova Scotia,0.53
2012-07-01,New Brunswick,0.63
2012-07-01,Québec,0.33
2012-07-01,Ontario,0.31
2012-07-01,Manitoba,0.25
2012-07-01,Saskatchewan,0.37
2012-07-01,Alberta,0.60
2012-07-01,British Columbia,0.42
2012-07-01,St. John's,0.18
2012-07-01,Charlottetown,0.46
2012-07-01,Halifax,0.37
2012-07-01,Moncton,0.64
2012-07-01,Saint John,0.50
2012-07-01,Saguenay,0.22
2012-07-01,Québec City,0.14
2012-07-01,Sherbrooke,0.31
2012-07-01,Trois-Riviéres,0.37
2012-07-01,Montréal,0.33
2012-07-01,Ottawa-Gatineau,0.21
2012-07-01,Kingston,0.31
2012-07-01,Peterborough,0.41
2012-07-01,Oshawa,0.37
2012-07-01,Toronto,0.24
2012-07-01,Hamilton,0.29
2012-07-01,St. Catharines-Niagara,0.54
2012-07-01,Kitchener-Cambridge-Waterloo,0.28
2012-07-01,Brantford,0.42
2012-07-01,Guelph,0.21
2012-07-01,London,0.39
2012-07-01,Windsor,0.54
2012-07-01,Barrie,0.42
2012-07-01,Greater Sudbury,0.34
2012-07-01,Thunder Bay,0.33
2012-07-01,Winnipeg,0.20
2012-07-01,Regina,0.28
2012-07-01,Saskatoon,0.26
2012-07-01,Calgary,0.59
2012-07-01,Edmonton,0.60
2012-07-01,Kelowna,0.68
2012-07-01,Abbotsford-Mission,0.68
2012-07-01,Vancouver,0.29
2012-07-01,Victoria,0.31
2012-10-01,Canada,0.37
2012-10-01,Newfoundland,0.22
2012-10-01,Prince Edward Island,0.50
2012-10-01,Nova Scotia,0.53
2012-10-01,New Brunswick,0.63
2012-10-01,Québec,0.33
2012-10-01,Ontario,0.31
2012-10-01,Manitoba,0.27
2012-10-01,Saskatchewan,0.37
2012-10-01,Alberta,0.55
2012-10-01,British Columbia,0.42
2012-10-01,St. John's,0.18
2012-10-01,Charlottetown,0.31
2012-10-01,Halifax,0.36
2012-10-01,Moncton,0.64
2012-10-01,Saint John,0.50
2012-10-01,Saguenay,0.22
2012-10-01,Québec City,0.15
2012-10-01,Sherbrooke,0.29
2012-10-01,Trois-Riviéres,0.34
2012-10-01,Montréal,0.33
2012-10-01,Ottawa-Gatineau,0.22
2012-10-01,Kingston,0.28
2012-10-01,Peterborough,0.38
2012-10-01,Oshawa,0.32
2012-10-01,Toronto,0.23
2012-10-01,Hamilton,0.31
2012-10-01,St. Catharines-Niagara,0.54
2012-10-01,Kitchener-Cambridge-Waterloo,0.28
2012-10-01,Brantford,0.49
2012-10-01,Guelph,0.15
2012-10-01,London,0.40
2012-10-01,Windsor,0.53
2012-10-01,Barrie,0.39
2012-10-01,Greater Sudbury,0.35
2012-10-01,Thunder Bay,0.32
2012-10-01,Winnipeg,0.22
2012-10-01,Regina,0.30
2012-10-01,Saskatoon,0.28
2012-10-01,Calgary,0.52
2012-10-01,Edmonton,0.56
2012-10-01,Kelowna,0.63
2012-10-01,Abbotsford-Mission,0.63
2012-10-01,Vancouver,0.29
2012-10-01,Victoria,0.35
2013-01-01,Canada,0.37
2013-01-01,Newfoundland,0.25
2013-01-01,Prince Edward Island,0.55
2013-01-01,Nova Scotia,0.55
2013-01-01,New Brunswick,0.65
2013-01-01,Québec,0.35
2013-01-01,Ontario,0.31
2013-01-01,Manitoba,0.28
2013-01-01,Saskatchewan,0.36
2013-01-01,Alberta,0.52
2013-01-01,British Columbia,0.43
2013-01-01,St. John's,0.19
2013-01-01,Charlottetown,0.35
2013-01-01,Halifax,0.36
2013-01-01,Moncton,0.67
2013-01-01,Saint John,0.56
2013-01-01,Saguenay,0.23
2013-01-01,Québec City,0.16
2013-01-01,Sherbrooke,0.28
2013-01-01,Trois-Riviéres,0.34
2013-01-01,Montréal,0.35
2013-01-01,Ottawa-Gatineau,0.22
2013-01-01,Kingston,0.32
2013-01-01,Peterborough,0.37
2013-01-01,Oshawa,0.27
2013-01-01,Toronto,0.23
2013-01-01,Hamilton,0.30
2013-01-01,St. Catharines-Niagara,0.55
2013-01-01,Kitchener-Cambridge-Waterloo,0.26
2013-01-01,Brantford,0.43
2013-01-01,Guelph,0.23
2013-01-01,London,0.39
2013-01-01,Windsor,0.51
2013-01-01,Barrie,0.39
2013-01-01,Greater Sudbury,0.38
2013-01-01,Thunder Bay,0.33
2013-01-01,Winnipeg,0.23
2013-01-01,Regina,0.31
2013-01-01,Saskatoon,0.28
2013-01-01,Calgary,0.48
2013-01-01,Edmonton,0.53
2013-01-01,Kelowna,0.55
2013-01-01,Abbotsford-Mission,0.66
2013-01-01,Vancouver,0.31
2013-01-01,Victoria,0.39
2013-04-01,Canada,0.35
2013-04-01,Newfoundland,0.19
2013-04-01,Prince Edward Island,0.47
2013-04-01,Nova Scotia,0.56
2013-04-01,New Brunswick,0.60
2013-04-01,Québec,0.34
2013-04-01,Ontario,0.29
2013-04-01,Manitoba,0.26
2013-04-01,Saskatchewan,0.34
2013-04-01,Alberta,0.47
2013-04-01,British Columbia,0.43
2013-04-01,St. John's,0.12
2013-04-01,Charlottetown,0.32
2013-04-01,Halifax,0.37
2013-04-01,Moncton,0.53
2013-04-01,Saint John,0.65
2013-04-01,Saguenay,0.21
2013-04-01,Québec City,0.15
2013-04-01,Sherbrooke,0.30
2013-04-01,Trois-Riviéres,0.33
2013-04-01,Montréal,0.33
2013-04-01,Ottawa-Gatineau,0.24
2013-04-01,Kingston,0.33
2013-04-01,Peterborough,0.31
2013-04-01,Oshawa,0.26
2013-04-01,Toronto,0.21
2013-04-01,Hamilton,0.25
2013-04-01,St. Catharines-Niagara,0.51
2013-04-01,Kitchener-Cambridge-Waterloo,0.27
2013-04-01,Brantford,0.44
2013-04-01,Guelph,0.19
2013-04-01,London,0.33
2013-04-01,Windsor,0.47
2013-04-01,Barrie,0.35
2013-04-01,Greater Sudbury,0.32
2013-04-01,Thunder Bay,0.28
2013-04-01,Winnipeg,0.21
2013-04-01,Regina,0.31
2013-04-01,Saskatoon,0.27
2013-04-01,Calgary,0.43
2013-04-01,Edmonton,0.47
2013-04-01,Kelowna,0.64
2013-04-01,Abbotsford-Mission,0.63
2013-04-01,Vancouver,0.31
2013-04-01,Victoria,0.36
2013-07-01,Canada,0.35
2013-07-01,Newfoundland,0.20
2013-07-01,Prince Edward Island,0.56
2013-07-01,Nova Scotia,0.58
2013-07-01,New Brunswick,0.61
2013-07-01,Québec,0.33
2013-07-01,Ontario,0.28
2013-07-01,Manitoba,0.28
2013-07-01,Saskatchewan,0.30
2013-07-01,Alberta,0.45
2013-07-01,British Columbia,0.42
2013-07-01,St. John's,0.12
2013-07-01,Charlottetown,0.40
2013-07-01,Halifax,0.38
2013-07-01,Moncton,0.57
2013-07-01,Saint John,0.62
2013-07-01,Saguenay,0.24
2013-07-01,Québec City,0.16
2013-07-01,Sherbrooke,0.27
2013-07-01,Trois-Riviéres,0.36
2013-07-01,Montréal,0.32
2013-07-01,Ottawa-Gatineau,0.24
2013-07-01,Kingston,0.29
2013-07-01,Peterborough,0.26
2013-07-01,Oshawa,0.26
2013-07-01,Toronto,0.20
2013-07-01,Hamilton,0.26
2013-07-01,St. Catharines-Niagara,0.53
2013-07-01,Kitchener-Cambridge-Waterloo,0.27
2013-07-01,Brantford,0.42
2013-07-01,Guelph,0.20
2013-07-01,London,0.32
2013-07-01,Windsor,0.44
2013-07-01,Barrie,0.34
2013-07-01,Greater Sudbury,0.32
2013-07-01,Thunder Bay,0.32
2013-07-01,Winnipeg,0.23
2013-07-01,Regina,0.25
2013-07-01,Saskatoon,0.26
2013-07-01,Calgary,0.39
2013-07-01,Edmonton,0.46
2013-07-01,Kelowna,0.58
2013-07-01,Abbotsford-Mission,0.60
2013-07-01,Vancouver,0.31
2013-07-01,Victoria,0.36
2013-10-01,Canada,0.35
2013-10-01,Newfoundland,0.22
2013-10-01,Prince Edward Island,0.58
2013-10-01,Nova Scotia,0.62
2013-10-01,New Brunswick,0.68
2013-10-01,Québec,0.35
2013-10-01,Ontario,0.28
2013-10-01,Manitoba,0.28
2013-10-01,Saskatchewan,0.32
2013-10-01,Alberta,0.43
2013-10-01,British Columbia,0.43
2013-10-01,St. John's,0.15
2013-10-01,Charlottetown,0.48
2013-10-01,Halifax,0.44
2013-10-01,Moncton,0.65
2013-10-01,Saint John,0.80
2013-10-01,Saguenay,0.23
2013-10-01,Québec City,0.18
2013-10-01,Sherbrooke,0.31
2013-10-01,Trois-Riviéres,0.43
2013-10-01,Montréal,0.33
2013-10-01,Ottawa-Gatineau,0.25
2013-10-01,Kingston,0.28
2013-10-01,Peterborough,0.27
2013-10-01,Oshawa,0.27
2013-10-01,Toronto,0.20
2013-10-01,Hamilton,0.27
2013-10-01,St. Catharines-Niagara,0.52
2013-10-01,Kitchener-Cambridge-Waterloo,0.27
2013-10-01,Brantford,0.40
2013-10-01,Guelph,0.15
2013-10-01,London,0.35
2013-10-01,Windsor,0.40
2013-10-01,Barrie,0.37
2013-10-01,Greater Sudbury,0.30
2013-10-01,Thunder Bay,0.29
2013-10-01,Winnipeg,0.22
2013-10-01,Regina,0.27
2013-10-01,Saskatoon,0.27
2013-10-01,Calgary,0.38
2013-10-01,Edmonton,0.41
2013-10-01,Kelowna,0.59
2013-10-01,Abbotsford-Mission,0.60
2013-10-01,Vancouver,0.31
2013-10-01,Victoria,0.36
2014-01-01,Canada,0.37
2014-01-01,Newfoundland,0.23
2014-01-01,Prince Edward Island,0.60
2014-01-01,Nova Scotia,0.65
2014-01-01,New Brunswick,0.72
2014-01-01,Québec,0.37
2014-01-01,Ontario,0.29
2014-01-01,Manitoba,0.28
2014-01-01,Saskatchewan,0.35
2014-01-01,Alberta,0.42
2014-01-01,British Columbia,0.43
2014-01-01,St. John's,0.17
2014-01-01,Charlottetown,0.49
2014-01-01,Halifax,0.43
2014-01-01,Moncton,0.69
2014-01-01,Saint John,0.76
2014-01-01,Saguenay,0.22
2014-01-01,Québec City,0.18
2014-01-01,Sherbrooke,0.30
2014-01-01,Trois-Riviéres,0.38
2014-01-01,Montréal,0.35
2014-01-01,Ottawa-Gatineau,0.27
2014-01-01,Kingston,0.26
2014-01-01,Peterborough,0.31
2014-01-01,Oshawa,0.25
2014-01-01,Toronto,0.22
2014-01-01,Hamilton,0.29
2014-01-01,St. Catharines-Niagara,0.51
2014-01-01,Kitchener-Cambridge-Waterloo,0.29
2014-01-01,Brantford,0.42
2014-01-01,Guelph,0.18
2014-01-01,London,0.32
2014-01-01,Windsor,0.40
2014-01-01,Barrie,0.37
2014-01-01,Greater Sudbury,0.30
2014-01-01,Thunder Bay,0.31
2014-01-01,Winnipeg,0.23
2014-01-01,Regina,0.31
2014-01-01,Saskatoon,0.28
2014-01-01,Calgary,0.34
2014-01-01,Edmonton,0.44
2014-01-01,Kelowna,0.61
2014-01-01,Abbotsford-Mission,0.65
2014-01-01,Vancouver,0.31
2014-01-01,Victoria,0.39
2014-04-01,Canada,0.34
2014-04-01,Newfoundland,0.25
2014-04-01,Prince Edward Island,0.60
2014-04-01,Nova Scotia,0.65
2014-04-01,New Brunswick,0.67
2014-04-01,Québec,0.36
2014-04-01,Ontario,0.27
2014-04-01,Manitoba,0.25
2014-04-01,Saskatchewan,0.31
2014-04-01,Alberta,0.37
2014-04-01,British Columbia,0.40
2014-04-01,St. John's,0.20
2014-04-01,Charlottetown,0.41
2014-04-01,Halifax,0.47
2014-04-01,Moncton,0.59
2014-04-01,Saint John,0.87
2014-04-01,Saguenay,0.26
2014-04-01,Québec City,0.20
2014-04-01,Sherbrooke,0.33
2014-04-01,Trois-Riviéres,0.39
2014-04-01,Montréal,0.34
2014-04-01,Ottawa-Gatineau,0.27
2014-04-01,Kingston,0.29
2014-04-01,Peterborough,0.32
2014-04-01,Oshawa,0.24
2014-04-01,Toronto,0.19
2014-04-01,Hamilton,0.26
2014-04-01,St. Catharines-Niagara,0.47
2014-04-01,Kitchener-Cambridge-Waterloo,0.25
2014-04-01,Brantford,0.36
2014-04-01,Guelph,0.18
2014-04-01,London,0.33
2014-04-01,Windsor,0.34
2014-04-01,Barrie,0.31
2014-04-01,Greater Sudbury,0.30
2014-04-01,Thunder Bay,0.25
2014-04-01,Winnipeg,0.20
2014-04-01,Regina,0.26
2014-04-01,Saskatoon,0.25
2014-04-01,Calgary,0.30
2014-04-01,Edmonton,0.37
2014-04-01,Kelowna,0.55
2014-04-01,Abbotsford-Mission,0.66
2014-04-01,Vancouver,0.30
2014-04-01,Victoria,0.37
2014-07-01,Canada,0.34
2014-07-01,Newfoundland,0.26
2014-07-01,Prince Edward Island,0.56
2014-07-01,Nova Scotia,0.67
2014-07-01,New Brunswick,0.72
2014-07-01,Québec,0.37
2014-07-01,Ontario,0.27
2014-07-01,Manitoba,0.24
2014-07-01,Saskatchewan,0.32
2014-07-01,Alberta,0.34
2014-07-01,British Columbia,0.40
2014-07-01,St. John's,0.22
2014-07-01,Charlottetown,0.34
2014-07-01,Halifax,0.47
2014-07-01,Moncton,0.68
2014-07-01,Saint John,0.86
2014-07-01,Saguenay,0.26
2014-07-01,Québec City,0.19
2014-07-01,Sherbrooke,0.38
2014-07-01,Trois-Riviéres,0.39
2014-07-01,Montréal,0.35
2014-07-01,Ottawa-Gatineau,0.27
2014-07-01,Kingston,0.36
2014-07-01,Peterborough,0.30
2014-07-01,Oshawa,0.24
2014-07-01,Toronto,0.19
2014-07-01,Hamilton,0.25
2014-07-01,St. Catharines-Niagara,0.43
2014-07-01,Kitchener-Cambridge-Waterloo,0.24
2014-07-01,Brantford,0.34
2014-07-01,Guelph,0.17
2014-07-01,London,0.33
2014-07-01,Windsor,0.38
2014-07-01,Barrie,0.31
2014-07-01,Greater Sudbury,0.37
2014-07-01,Thunder Bay,0.19
2014-07-01,Winnipeg,0.20
2014-07-01,Regina,0.31
2014-07-01,Saskatoon,0.21
2014-07-01,Calgary,0.27
2014-07-01,Edmonton,0.34
2014-07-01,Kelowna,0.56
2014-07-01,Abbotsford-Mission,0.61
2014-07-01,Vancouver,0.30
2014-07-01,Victoria,0.35
2014-10-01,Canada,0.35
2014-10-01,Newfoundland,0.28
2014-10-01,Prince Edward Island,0.57
2014-10-01,Nova Scotia,0.68
2014-10-01,New Brunswick,0.72
2014-10-01,Québec,0.39
2014-10-01,Ontario,0.26
2014-10-01,Manitoba,0.27
2014-10-01,Saskatchewan,0.36
2014-10-01,Alberta,0.32
2014-10-01,British Columbia,0.40
2014-10-01,St. John's,0.24
2014-10-01,Charlottetown,0.41
2014-10-01,Halifax,0.49
2014-10-01,Moncton,0.70
2014-10-01,Saint John,0.75
2014-10-01,Saguenay,0.31
2014-10-01,Québec City,0.23
2014-10-01,Sherbrooke,0.39
2014-10-01,Trois-Riviéres,0.39
2014-10-01,Montréal,0.37
2014-10-01,Ottawa-Gatineau,0.29
2014-10-01,Kingston,0.36
2014-10-01,Peterborough,0.28
2014-10-01,Oshawa,0.21
2014-10-01,Toronto,0.18
2014-10-01,Hamilton,0.25
2014-10-01,St. Catharines-Niagara,0.39
2014-10-01,Kitchener-Cambridge-Waterloo,0.25
2014-10-01,Brantford,0.32
2014-10-01,Guelph,0.15
2014-10-01,London,0.32
2014-10-01,Windsor,0.38
2014-10-01,Barrie,0.30
2014-10-01,Greater Sudbury,0.45
2014-10-01,Thunder Bay,0.21
2014-10-01,Winnipeg,0.21
2014-10-01,Regina,0.32
2014-10-01,Saskatoon,0.27
2014-10-01,Calgary,0.26
2014-10-01,Edmonton,0.32
2014-10-01,Kelowna,0.47
2014-10-01,Abbotsford-Mission,0.64
2014-10-01,Vancouver,0.29
2014-10-01,Victoria,0.36
2015-01-01,Canada,0.36
2015-01-01,Newfoundland,0.37
2015-01-01,Prince Edward Island,0.68
2015-01-01,Nova Scotia,0.70
2015-01-01,New Brunswick,0.79
2015-01-01,Québec,0.42
2015-01-01,Ontario,0.27
2015-01-01,Manitoba,0.31
2015-01-01,Saskatchewan,0.41
2015-01-01,Alberta,0.32
2015-01-01,British Columbia,0.40
2015-01-01,St. John's,0.26
2015-01-01,Charlottetown,0.53
2015-01-01,Halifax,0.49
2015-01-01,Moncton,0.74
2015-01-01,Saint John,0.83
2015-01-01,Saguenay,0.36
2015-01-01,Québec City,0.24
2015-01-01,Sherbrooke,0.40
2015-01-01,Trois-Riviéres,0.46
2015-01-01,Montréal,0.39
2015-01-01,Ottawa-Gatineau,0.32
2015-01-01,Kingston,0.37
2015-01-01,Peterborough,0.30
2015-01-01,Oshawa,0.23
2015-01-01,Toronto,0.19
2015-01-01,Hamilton,0.25
2015-01-01,St. Catharines-Niagara,0.42
2015-01-01,Kitchener-Cambridge-Waterloo,0.25
2015-01-01,Brantford,0.33
2015-01-01,Guelph,0.09
2015-01-01,London,0.30
2015-01-01,Windsor,0.36
2015-01-01,Barrie,0.33
2015-01-01,Greater Sudbury,0.50
2015-01-01,Thunder Bay,0.28
2015-01-01,Winnipeg,0.24
2015-01-01,Regina,0.38
2015-01-01,Saskatoon,0.29
2015-01-01,Calgary,0.26
2015-01-01,Edmonton,0.33
2015-01-01,Kelowna,0.54
2015-01-01,Abbotsford-Mission,0.57
2015-01-01,Vancouver,0.29
2015-01-01,Victoria,0.35
2015-04-01,Canada,0.35
2015-04-01,Newfoundland,0.37
2015-04-01,Prince Edward Island,0.62
2015-04-01,Nova Scotia,0.67
2015-04-01,New Brunswick,0.80
2015-04-01,Québec,0.41
2015-04-01,Ontario,0.25
2015-04-01,Manitoba,0.30
2015-04-01,Saskatchewan,0.43
2015-04-01,Alberta,0.33
2015-04-01,British Columbia,0.38
2015-04-01,St. John's,0.27
2015-04-01,Charlottetown,0.57
2015-04-01,Halifax,0.49
2015-04-01,Moncton,0.82
2015-04-01,Saint John,0.85
2015-04-01,Saguenay,0.33
2015-04-01,Québec City,0.24
2015-04-01,Sherbrooke,0.36
2015-04-01,Trois-Riviéres,0.42
2015-04-01,Montréal,0.38
2015-04-01,Ottawa-Gatineau,0.30
2015-04-01,Kingston,0.35
2015-04-01,Peterborough,0.24
2015-04-01,Oshawa,0.18
2015-04-01,Toronto,0.16
2015-04-01,Hamilton,0.20
2015-04-01,St. Catharines-Niagara,0.41
2015-04-01,Kitchener-Cambridge-Waterloo,0.25
2015-04-01,Brantford,0.34
2015-04-01,Guelph,0.15
2015-04-01,London,0.28
2015-04-01,Windsor,0.35
2015-04-01,Barrie,0.26
2015-04-01,Greater Sudbury,0.49
2015-04-01,Thunder Bay,0.26
2015-04-01,Winnipeg,0.23
2015-04-01,Regina,0.38
2015-04-01,Saskatoon,0.34
2015-04-01,Calgary,0.25
2015-04-01,Edmonton,0.33
2015-04-01,Kelowna,0.51
2015-04-01,Abbotsford-Mission,0.55
2015-04-01,Vancouver,0.28
2015-04-01,Victoria,0.31
2015-07-01,Canada,0.35
2015-07-01,Newfoundland,0.37
2015-07-01,Prince Edward Island,0.63
2015-07-01,Nova Scotia,0.66
2015-07-01,New Brunswick,0.81
2015-07-01,Québec,0.41
2015-07-01,Ontario,0.24
2015-07-01,Manitoba,0.29
2015-07-01,Saskatchewan,0.45
2015-07-01,Alberta,0.35
2015-07-01,British Columbia,0.34
2015-07-01,St. John's,0.27
2015-07-01,Charlottetown,0.55
2015-07-01,Halifax,0.50
2015-07-01,Moncton,0.80
2015-07-01,Saint John,0.83
2015-07-01,Saguenay,0.34
2015-07-01,Québec City,0.23
2015-07-01,Sherbrooke,0.38
2015-07-01,Trois-Riviéres,0.45
2015-07-01,Montréal,0.38
2015-07-01,Ottawa-Gatineau,0.30
2015-07-01,Kingston,0.34
2015-07-01,Peterborough,0.24
2015-07-01,Oshawa,0.21
2015-07-01,Toronto,0.15
2015-07-01,Hamilton,0.18
2015-07-01,St. Catharines-Niagara,0.41
2015-07-01,Kitchener-Cambridge-Waterloo,0.19
2015-07-01,Brantford,0.34
2015-07-01,Guelph,0.11
2015-07-01,London,0.28
2015-07-01,Windsor,0.35
2015-07-01,Barrie,0.25
2015-07-01,Greater Sudbury,0.46
2015-07-01,Thunder Bay,0.28
2015-07-01,Winnipeg,0.22
2015-07-01,Regina,0.35
2015-07-01,Saskatoon,0.36
2015-07-01,Calgary,0.26
2015-07-01,Edmonton,0.34
2015-07-01,Kelowna,0.43
2015-07-01,Abbotsford-Mission,0.44
2015-07-01,Vancouver,0.25
2015-07-01,Victoria,0.29
2015-10-01,Canada,0.35
2015-10-01,Newfoundland,0.41
2015-10-01,Prince Edward Island,0.67
2015-10-01,Nova Scotia,0.68
2015-10-01,New Brunswick,0.79
2015-10-01,Québec,0.42
2015-10-01,Ontario,0.23
2015-10-01,Manitoba,0.33
2015-10-01,Saskatchewan,0.49
2015-10-01,Alberta,0.36
2015-10-01,British Columbia,0.32
2015-10-01,St. John's,0.31
2015-10-01,Charlottetown,0.59
2015-10-01,Halifax,0.49
2015-10-01,Moncton,0.83
2015-10-01,Saint John,0.85
2015-10-01,Saguenay,0.41
2015-10-01,Québec City,0.23
2015-10-01,Sherbrooke,0.35
2015-10-01,Trois-Riviéres,0.51
2015-10-01,Montréal,0.39
2015-10-01,Ottawa-Gatineau,0.31
2015-10-01,Kingston,0.31
2015-10-01,Peterborough,0.21
2015-10-01,Oshawa,0.18
2015-10-01,Toronto,0.15
2015-10-01,Hamilton,0.16
2015-10-01,St. Catharines-Niagara,0.34
2015-10-01,Kitchener-Cambridge-Waterloo,0.19
2015-10-01,Brantford,0.27
2015-10-01,Guelph,0.10
2015-10-01,London,0.31
2015-10-01,Windsor,0.40
2015-10-01,Barrie,0.22
2015-10-01,Greater Sudbury,0.50
2015-10-01,Thunder Bay,0.23
2015-10-01,Winnipeg,0.26
2015-10-01,Regina,0.40
2015-10-01,Saskatoon,0.38
2015-10-01,Calgary,0.27
2015-10-01,Edmonton,0.35
2015-10-01,Kelowna,0.38
2015-10-01,Abbotsford-Mission,0.38
2015-10-01,Vancouver,0.23
2015-10-01,Victoria,0.29
2016-01-01,Canada,0.36
2016-01-01,Newfoundland,0.45
2016-01-01,Prince Edward Island,0.70
2016-01-01,Nova Scotia,0.70
2016-01-01,New Brunswick,0.82
2016-01-01,Québec,0.44
2016-01-01,Ontario,0.24
2016-01-01,Manitoba,0.34
2016-01-01,Saskatchewan,0.54
2016-01-01,Alberta,0.41
2016-01-01,British Columbia,0.32
2016-01-01,St. John's,0.33
2016-01-01,Charlottetown,0.56
2016-01-01,Halifax,0.51
2016-01-01,Moncton,0.87
2016-01-01,Saint John,0.88
2016-01-01,Saguenay,0.47
2016-01-01,Québec City,0.25
2016-01-01,Sherbrooke,0.43
2016-01-01,Trois-Riviéres,0.59
2016-01-01,Montréal,0.40
2016-01-01,Ottawa-Gatineau,0.32
2016-01-01,Kingston,0.32
2016-01-01,Peterborough,0.21
2016-01-01,Oshawa,0.17
2016-01-01,Toronto,0.15
2016-01-01,Hamilton,0.18
2016-01-01,St. Catharines-Niagara,0.35
2016-01-01,Kitchener-Cambridge-Waterloo,0.20
2016-01-01,Brantford,0.28
2016-01-01,Guelph,0.14
2016-01-01,London,0.30
2016-01-01,Windsor,0.33
2016-01-01,Barrie,0.22
2016-01-01,Greater Sudbury,0.54
2016-01-01,Thunder Bay,0.25
2016-01-01,Winnipeg,0.27
2016-01-01,Regina,0.45
2016-01-01,Saskatoon,0.39
2016-01-01,Calgary,0.30
2016-01-01,Edmonton,0.40
2016-01-01,Kelowna,0.38
2016-01-01,Abbotsford-Mission,0.35
2016-01-01,Vancouver,0.23
2016-01-01,Victoria,0.29
2016-04-01,Canada,0.35
2016-04-01,Newfoundland,0.46
2016-04-01,Prince Edward Island,0.70
2016-04-01,Nova Scotia,0.72
2016-04-01,New Brunswick,0.78
2016-04-01,Québec,0.43
2016-04-01,Ontario,0.22
2016-04-01,Manitoba,0.35
2016-04-01,Saskatchewan,0.57
2016-04-01,Alberta,0.45
2016-04-01,British Columbia,0.29
2016-04-01,St. John's,0.32
2016-04-01,Charlottetown,0.60
2016-04-01,Halifax,0.54
2016-04-01,Moncton,0.85
2016-04-01,Saint John,0.76
2016-04-01,Saguenay,0.50
2016-04-01,Québec City,0.25
2016-04-01,Sherbrooke,0.50
2016-04-01,Trois-Riviéres,0.64
2016-04-01,Montréal,0.38
2016-04-01,Ottawa-Gatineau,0.31
2016-04-01,Kingston,0.30
2016-04-01,Peterborough,0.24
2016-04-01,Oshawa,0.14
2016-04-01,Toronto,0.14
2016-04-01,Hamilton,0.16
2016-04-01,St. Catharines-Niagara,0.34
2016-04-01,Kitchener-Cambridge-Waterloo,0.17
2016-04-01,Brantford,0.27
2016-04-01,Guelph,0.14
2016-04-01,London,0.26
2016-04-01,Windsor,0.26
2016-04-01,Barrie,0.21
2016-04-01,Greater Sudbury,0.54
2016-04-01,Thunder Bay,0.25
2016-04-01,Winnipeg,0.29
2016-04-01,Regina,0.48
2016-04-01,Saskatoon,0.43
2016-04-01,Calgary,0.32
2016-04-01,Edmonton,0.43
2016-04-01,Kelowna,0.34
2016-04-01,Abbotsford-Mission,0.30
2016-04-01,Vancouver,0.20
2016-04-01,Victoria,0.29
2016-07-01,Canada,0.35
2016-07-01,Newfoundland,0.49
2016-07-01,Prince Edward Island,0.67
2016-07-01,Nova Scotia,0.76
2016-07-01,New Brunswick,0.84
2016-07-01,Québec,0.42
2016-07-01,Ontario,0.20
2016-07-01,Manitoba,0.34
2016-07-01,Saskatchewan,0.61
2016-07-01,Alberta,0.53
2016-07-01,British Columbia,0.26
2016-07-01,St. John's,0.32
2016-07-01,Charlottetown,0.58
2016-07-01,Halifax,0.54
2016-07-01,Moncton,0.84
2016-07-01,Saint John,0.79
2016-07-01,Saguenay,0.49
2016-07-01,Québec City,0.25
2016-07-01,Sherbrooke,0.47
2016-07-01,Trois-Riviéres,0.67
2016-07-01,Montréal,0.37
2016-07-01,Ottawa-Gatineau,0.30
2016-07-01,Kingston,0.28
2016-07-01,Peterborough,0.23
2016-07-01,Oshawa,0.13
2016-07-01,Toronto,0.13
2016-07-01,Hamilton,0.15
2016-07-01,St. Catharines-Niagara,0.29
2016-07-01,Kitchener-Cambridge-Waterloo,0.13
2016-07-01,Brantford,0.24
2016-07-01,Guelph,0.10
2016-07-01,London,0.25
2016-07-01,Windsor,0.24
2016-07-01,Barrie,0.19
2016-07-01,Greater Sudbury,0.48
2016-07-01,Thunder Bay,0.27
2016-07-01,Winnipeg,0.29
2016-07-01,Regina,0.46
2016-07-01,Saskatoon,0.48
2016-07-01,Calgary,0.34
2016-07-01,Edmonton,0.50
2016-07-01,Kelowna,0.35
2016-07-01,Abbotsford-Mission,0.27
2016-07-01,Vancouver,0.17
2016-07-01,Victoria,0.24
2016-10-01,Canada,0.34
2016-10-01,Newfoundland,0.46
2016-10-01,Prince Edward Island,0.60
2016-10-01,Nova Scotia,0.75
2016-10-01,New Brunswick,0.79
2016-10-01,Québec,0.40
2016-10-01,Ontario,0.19
2016-10-01,Manitoba,0.35
2016-10-01,Saskatchewan,0.62
2016-10-01,Alberta,0.53
2016-10-01,British Columbia,0.25
2016-10-01,St. John's,0.32
2016-10-01,Charlottetown,0.55
2016-10-01,Halifax,0.54
2016-10-01,Moncton,0.71
2016-10-01,Saint John,0.86
2016-10-01,Saguenay,0.50
2016-10-01,Québec City,0.24
2016-10-01,Sherbrooke,0.43
2016-10-01,Trois-Riviéres,0.59
2016-10-01,Montréal,0.34
2016-10-01,Ottawa-Gatineau,0.30
2016-10-01,Kingston,0.28
2016-10-01,Peterborough,0.20
2016-10-01,Oshawa,0.14
2016-10-01,Toronto,0.12
2016-10-01,Hamilton,0.13
2016-10-01,St. Catharines-Niagara,0.23
2016-10-01,Kitchener-Cambridge-Waterloo,0.13
2016-10-01,Brantford,0.25
2016-10-01,Guelph,0.10
2016-10-01,London,0.24
2016-10-01,Windsor,0.24
2016-10-01,Barrie,0.14
2016-10-01,Greater Sudbury,0.47
2016-10-01,Thunder Bay,0.21
2016-10-01,Winnipeg,0.29
2016-10-01,Regina,0.47
2016-10-01,Saskatoon,0.51
2016-10-01,Calgary,0.35
2016-10-01,Edmonton,0.52
2016-10-01,Kelowna,0.37
2016-10-01,Abbotsford-Mission,0.23
2016-10-01,Vancouver,0.15
2016-10-01,Victoria,0.22
2017-01-01,Canada,0.34
2017-01-01,Newfoundland,0.47
2017-01-01,Prince Edward Island,0.66
2017-01-01,Nova Scotia,0.70
2017-01-01,New Brunswick,0.78
2017-01-01,Québec,0.41
2017-01-01,Ontario,0.18
2017-01-01,Manitoba,0.36
2017-01-01,Saskatchewan,0.62
2017-01-01,Alberta,0.54
2017-01-01,British Columbia,0.23
2017-01-01,St. John's,0.37
2017-01-01,Charlottetown,0.61
2017-01-01,Halifax,0.50
2017-01-01,Moncton,0.70
2017-01-01,Saint John,0.72
2017-01-01,Saguenay,0.49
2017-01-01,Québec City,0.24
2017-01-01,Sherbrooke,0.38
2017-01-01,Trois-Riviéres,0.61
2017-01-01,Montréal,0.35
2017-01-01,Ottawa-Gatineau,0.30
2017-01-01,Kingston,0.28
2017-01-01,Peterborough,0.20
2017-01-01,Oshawa,0.14
2017-01-01,Toronto,0.11
2017-01-01,Hamilton,0.13
2017-01-01,St. Catharines-Niagara,0.21
2017-01-01,Kitchener-Cambridge-Waterloo,0.13
2017-01-01,Brantford,0.20
2017-01-01,Guelph,0.10
2017-01-01,London,0.21
2017-01-01,Windsor,0.22
2017-01-01,Barrie,0.15
2017-01-01,Greater Sudbury,0.44
2017-01-01,Thunder Bay,0.27
2017-01-01,Winnipeg,0.29
2017-01-01,Regina,0.49
2017-01-01,Saskatoon,0.52
2017-01-01,Calgary,0.37
2017-01-01,Edmonton,0.54
2017-01-01,Kelowna,0.33
2017-01-01,Abbotsford-Mission,0.23
2017-01-01,Vancouver,0.14
2017-01-01,Victoria,0.22
2017-04-01,Canada,0.32
2017-04-01,Newfoundland,0.47
2017-04-01,Prince Edward Island,0.55
2017-04-01,Nova Scotia,0.64
2017-04-01,New Brunswick,0.73
2017-04-01,Québec,0.40
2017-04-01,Ontario,0.16
2017-04-01,Manitoba,0.35
2017-04-01,Saskatchewan,0.66
2017-04-01,Alberta,0.52
2017-04-01,British Columbia,0.20
2017-04-01,St. John's,0.34
2017-04-01,Charlottetown,0.49
2017-04-01,Halifax,0.47
2017-04-01,Moncton,0.73
2017-04-01,Saint John,0.76
2017-04-01,Saguenay,0.49
2017-04-01,Québec City,0.25
2017-04-01,Sherbrooke,0.37
2017-04-01,Trois-Riviéres,0.56
2017-04-01,Montréal,0.34
2017-04-01,Ottawa-Gatineau,0.29
2017-04-01,Kingston,0.27
2017-04-01,Peterborough,0.14
2017-04-01,Oshawa,0.13
2017-04-01,Toronto,0.10
2017-04-01,Hamilton,0.10
2017-04-01,St. Catharines-Niagara,0.18
2017-04-01,Kitchener-Cambridge-Waterloo,0.10
2017-04-01,Brantford,0.18
2017-04-01,Guelph,0.10
2017-04-01,London,0.21
2017-04-01,Windsor,0.20
2017-04-01,Barrie,0.12
2017-04-01,Greater Sudbury,0.47
2017-04-01,Thunder Bay,0.24
2017-04-01,Winnipeg,0.27
2017-04-01,Regina,0.51
2017-04-01,Saskatoon,0.55
2017-04-01,Calgary,0.34
2017-04-01,Edmonton,0.54
2017-04-01,Kelowna,0.28
2017-04-01,Abbotsford-Mission,0.18
2017-04-01,Vancouver,0.13
2017-04-01,Victoria,0.19
2017-07-01,Canada,0.30
2017-07-01,Newfoundland,0.46
2017-07-01,Prince Edward Island,0.54
2017-07-01,Nova Scotia,0.60
2017-07-01,New Brunswick,0.71
2017-07-01,Québec,0.37
2017-07-01,Ontario,0.16
2017-07-01,Manitoba,0.33
2017-07-01,Saskatchewan,0.65
2017-07-01,Alberta,0.51
2017-07-01,British Columbia,0.18
2017-07-01,St. John's,0.34
2017-07-01,Charlottetown,0.41
2017-07-01,Halifax,0.47
2017-07-01,Moncton,0.71
2017-07-01,Saint John,0.73
2017-07-01,Saguenay,0.51
2017-07-01,Québec City,0.25
2017-07-01,Sherbrooke,0.34
2017-07-01,Trois-Riviéres,0.51
2017-07-01,Montréal,0.31
2017-07-01,Ottawa-Gatineau,0.28
2017-07-01,Kingston,0.19
2017-07-01,Peterborough,0.14
2017-07-01,Oshawa,0.14
2017-07-01,Toronto,0.09
2017-07-01,Hamilton,0.10
2017-07-01,St. Catharines-Niagara,0.15
2017-07-01,Kitchener-Cambridge-Waterloo,0.10
2017-07-01,Brantford,0.13
2017-07-01,Guelph,0.09
2017-07-01,London,0.19
2017-07-01,Windsor,0.21
2017-07-01,Barrie,0.13
2017-07-01,Greater Sudbury,0.43
2017-07-01,Thunder Bay,0.24
2017-07-01,Winnipeg,0.26
2017-07-01,Regina,0.50
2017-07-01,Saskatoon,0.53
2017-07-01,Calgary,0.34
2017-07-01,Edmonton,0.54
2017-07-01,Kelowna,0.26
2017-07-01,Abbotsford-Mission,0.17
2017-07-01,Vancouver,0.11
2017-07-01,Victoria,0.13
2017-10-01,Canada,0.29
2017-10-01,Newfoundland,0.52
2017-10-01,Prince Edward Island,0.44
2017-10-01,Nova Scotia,0.58
2017-10-01,New Brunswick,0.66
2017-10-01,Québec,0.34
2017-10-01,Ontario,0.15
2017-10-01,Manitoba,0.30
2017-10-01,Saskatchewan,0.66
2017-10-01,Alberta,0.50
2017-10-01,British Columbia,0.18
2017-10-01,St. John's,0.42
2017-10-01,Charlottetown,0.29
2017-10-01,Halifax,0.44
2017-10-01,Moncton,0.63
2017-10-01,Saint John,0.72
2017-10-01,Saguenay,0.43
2017-10-01,Québec City,0.25
2017-10-01,Sherbrooke,0.34
2017-10-01,Trois-Riviéres,0.42
2017-10-01,Montréal,0.28
2017-10-01,Ottawa-Gatineau,0.27
2017-10-01,Kingston,0.19
2017-10-01,Peterborough,0.15
2017-10-01,Oshawa,0.15
2017-10-01,Toronto,0.09
2017-10-01,Hamilton,0.10
2017-10-01,St. Catharines-Niagara,0.12
2017-10-01,Kitchener-Cambridge-Waterloo,0.10
2017-10-01,Brantford,0.15
2017-10-01,Guelph,0.08
2017-10-01,London,0.15
2017-10-01,Windsor,0.19
2017-10-01,Barrie,0.13
2017-10-01,Greater Sudbury,0.39
2017-10-01,Thunder Bay,0.23
2017-10-01,Winnipeg,0.24
2017-10-01,Regina,0.48
2017-10-01,Saskatoon,0.55
2017-10-01,Calgary,0.33
2017-10-01,Edmonton,0.54
2017-10-01,Kelowna,0.21
2017-10-01,Abbotsford-Mission,0.16
2017-10-01,Vancouver,0.11
2017-10-01,Victoria,0.12
2018-01-01,Canada,0.29
2018-01-01,Newfoundland,0.56
2018-01-01,Prince Edward Island,0.50
2018-01-01,Nova Scotia,0.59
2018-01-01,New Brunswick,0.65
2018-01-01,Québec,0.34
2018-01-01,Ontario,0.15
2018-01-01,Manitoba,0.30
2018-01-01,Saskatchewan,0.66
2018-01-01,Alberta,0.50
2018-01-01,British Columbia,0.17
2018-01-01,St. John's,0.45
2018-01-01,Charlottetown,0.35
2018-01-01,Halifax,0.48
2018-01-01,Moncton,0.61
2018-01-01,Saint John,0.68
2018-01-01,Saguenay,0.40
2018-01-01,Québec City,0.22
2018-01-01,Sherbrooke,0.33
2018-01-01,Trois-Riviéres,0.47
2018-01-01,Montréal,0.29
2018-01-01,Ottawa-Gatineau,0.26
2018-01-01,Kingston,0.20
2018-01-01,Peterborough,0.18
2018-01-01,Oshawa,0.12
2018-01-01,Toronto,0.09
2018-01-01,Hamilton,0.09
2018-01-01,St. Catharines-Niagara,0.13
2018-01-01,Kitchener-Cambridge-Waterloo,0.10
2018-01-01,Brantford,0.17
2018-01-01,Guelph,0.08
2018-01-01,London,0.17
2018-01-01,Windsor,0.18
2018-01-01,Barrie,0.11
2018-01-01,Greater Sudbury,0.34
2018-01-01,Thunder Bay,0.25
2018-01-01,Winnipeg,0.24
2018-01-01,Regina,0.53
2018-01-01,Saskatoon,0.52
2018-01-01,Calgary,0.34
2018-01-01,Edmonton,0.53
2018-01-01,Kelowna,0.19
2018-01-01,Abbotsford-Mission,0.14
2018-01-01,Vancouver,0.11
2018-01-01,Victoria,0.12
2018-04-01,Canada,0.28
2018-04-01,Newfoundland,0.60
2018-04-01,Prince Edward Island,0.45
2018-04-01,Nova Scotia,0.54
2018-04-01,New Brunswick,0.59
2018-04-01,Québec,0.35
2018-04-01,Ontario,0.14
2018-04-01,Manitoba,0.31
2018-04-01,Saskatchewan,0.67
2018-04-01,Alberta,0.46
2018-04-01,British Columbia,0.17
2018-04-01,St. John's,0.52
2018-04-01,Charlottetown,0.33
2018-04-01,Halifax,0.45
2018-04-01,Moncton,0.59
2018-04-01,Saint John,0.65
2018-04-01,Saguenay,0.45
2018-04-01,Québec City,0.25
2018-04-01,Sherbrooke,0.33
2018-04-01,Trois-Riviéres,0.47
2018-04-01,Montréal,0.29
2018-04-01,Ottawa-Gatineau,0.25
2018-04-01,Kingston,0.18
2018-04-01,Peterborough,0.15
2018-04-01,Oshawa,0.10
2018-04-01,Toronto,0.10
2018-04-01,Hamilton,0.09
2018-04-01,St. Catharines-Niagara,0.10
2018-04-01,Kitchener-Cambridge-Waterloo,0.10
2018-04-01,Brantford,0.18
2018-04-01,Guelph,0.08
2018-04-01,London,0.14
2018-04-01,Windsor,0.18
2018-04-01,Barrie,0.10
2018-04-01,Greater Sudbury,0.28
2018-04-01,Thunder Bay,0.24
2018-04-01,Winnipeg,0.26
2018-04-01,Regina,0.58
2018-04-01,Saskatoon,0.55
2018-04-01,Calgary,0.32
2018-04-01,Edmonton,0.51
2018-04-01,Kelowna,0.21
2018-04-01,Abbotsford-Mission,0.15
2018-04-01,Vancouver,0.10
2018-04-01,Victoria,0.13
2018-07-01,Canada,0.28
2018-07-01,Newfoundland,0.60
2018-07-01,Prince Edward Island,0.43
2018-07-01,Nova Scotia,0.52
2018-07-01,New Brunswick,0.58
2018-07-01,Québec,0.35
2018-07-01,Ontario,0.13
2018-07-01,Manitoba,0.32
2018-07-01,Saskatchewan,0.70
2018-07-01,Alberta,0.47
2018-07-01,British Columbia,0.16
2018-07-01,St. John's,0.50
2018-07-01,Charlottetown,0.31
2018-07-01,Halifax,0.41
2018-07-01,Moncton,0.61
2018-07-01,Saint John,0.58
2018-07-01,Saguenay,0.46
2018-07-01,Québec City,0.24
2018-07-01,Sherbrooke,0.37
2018-07-01,Trois-Riviéres,0.48
2018-07-01,Montréal,0.29
2018-07-01,Ottawa-Gatineau,0.24
2018-07-01,Kingston,0.15
2018-07-01,Peterborough,0.12
2018-07-01,Oshawa,0.09
2018-07-01,Toronto,0.10
2018-07-01,Hamilton,0.09
2018-07-01,St. Catharines-Niagara,0.10
2018-07-01,Kitchener-Cambridge-Waterloo,0.08
2018-07-01,Brantford,0.13
2018-07-01,Guelph,0.09
2018-07-01,London,0.14
2018-07-01,Windsor,0.16
2018-07-01,Barrie,0.11
2018-07-01,Greater Sudbury,0.35
2018-07-01,Thunder Bay,0.31
2018-07-01,Winnipeg,0.25
2018-07-01,Regina,0.65
2018-07-01,Saskatoon,0.56
2018-07-01,Calgary,0.32
2018-07-01,Edmonton,0.51
2018-07-01,Kelowna,0.20
2018-07-01,Abbotsford-Mission,0.14
2018-07-01,Vancouver,0.11
2018-07-01,Victoria,0.12
2018-10-01,Canada,0.30
2018-10-01,Newfoundland,0.62
2018-10-01,Prince Edward Island,0.39
2018-10-01,Nova Scotia,0.56
2018-10-01,New Brunswick,0.62
2018-10-01,Québec,0.38
2018-10-01,Ontario,0.14
2018-10-01,Manitoba,0.35
2018-10-01,Saskatchewan,0.72
2018-10-01,Alberta,0.50
2018-10-01,British Columbia,0.17
2018-10-01,St. John's,0.49
2018-10-01,Charlottetown,0.27
2018-10-01,Halifax,0.39
2018-10-01,Moncton,0.61
2018-10-01,Saint John,0.60
2018-10-01,Saguenay,0.48
2018-10-01,Québec City,0.30
2018-10-01,Sherbrooke,0.37
2018-10-01,Trois-Riviéres,0.50
2018-10-01,Montréal,0.31
2018-10-01,Ottawa-Gatineau,0.26
2018-10-01,Kingston,0.19
2018-10-01,Peterborough,0.09
2018-10-01,Oshawa,0.13
2018-10-01,Toronto,0.10
2018-10-01,Hamilton,0.09
2018-10-01,St. Catharines-Niagara,0.09
2018-10-01,Kitchener-Cambridge-Waterloo,0.10
2018-10-01,Brantford,0.10
2018-10-01,Guelph,0.05
2018-10-01,London,0.14
2018-10-01,Windsor,0.16
2018-10-01,Barrie,0.14
2018-10-01,Greater Sudbury,0.35
2018-10-01,Thunder Bay,0.35
2018-10-01,Winnipeg,0.28
2018-10-01,Regina,0.59
2018-10-01,Saskatoon,0.57
2018-10-01,Calgary,0.35
2018-10-01,Edmonton,0.54
2018-10-01,Kelowna,0.21
2018-10-01,Abbotsford-Mission,0.11
2018-10-01,Vancouver,0.11
2018-10-01,Victoria,0.12
2019-01-01,Canada,0.30
2019-01-01,Newfoundland,0.64
2019-01-01,Prince Edward Island,0.38
2019-01-01,Nova Scotia,0.53
2019-01-01,New Brunswick,0.63
2019-01-01,Québec,0.38
2019-01-01,Ontario,0.13
2019-01-01,Manitoba,0.35
2019-01-01,Saskatchewan,0.73
2019-01-01,Alberta,0.50
2019-01-01,British Columbia,0.17
2019-01-01,St. John's,0.50
2019-01-01,Charlottetown,0.26
2019-01-01,Halifax,0.37
2019-01-01,Moncton,0.61
2019-01-01,Saint John,0.55
2019-01-01,Saguenay,0.45
2019-01-01,Québec City,0.28
2019-01-01,Sherbrooke,0.36
2019-01-01,Trois-Riviéres,0.52
2019-01-01,Montréal,0.30
2019-01-01,Ottawa-Gatineau,0.24
2019-01-01,Kingston,0.18
2019-01-01,Peterborough,0.11
2019-01-01,Oshawa,0.12
2019-01-01,Toronto,0.10
2019-01-01,Hamilton,0.09
2019-01-01,St. Catharines-Niagara,0.11
2019-01-01,Kitchener-Cambridge-Waterloo,0.09
2019-01-01,Brantford,0.11
2019-01-01,Guelph,0.05
2019-01-01,London,0.13
2019-01-01,Windsor,0.15
2019-01-01,Barrie,0.12
2019-01-01,Greater Sudbury,0.35
2019-01-01,Thunder Bay,0.36
2019-01-01,Winnipeg,0.28
2019-01-01,Regina,0.64
2019-01-01,Saskatoon,0.57
2019-01-01,Calgary,0.34
2019-01-01,Edmonton,0.55
2019-01-01,Kelowna,0.22
2019-01-01,Abbotsford-Mission,0.10
2019-01-01,Vancouver,0.12
2019-01-01,Victoria,0.13
2019-04-01,Canada,0.29
2019-04-01,Newfoundland,0.64
2019-04-01,Prince Edward Island,0.38
2019-04-01,Nova Scotia,0.52
2019-04-01,New Brunswick,0.60
2019-04-01,Québec,0.36
2019-04-01,Ontario,0.13
2019-04-01,Manitoba,0.34
2019-04-01,Saskatchewan,0.74
2019-04-01,Alberta,0.51
2019-04-01,British Columbia,0.16
2019-04-01,St. John's,0.49
2019-04-01,Charlottetown,0.35
2019-04-01,Halifax,0.35
2019-04-01,Moncton,0.50
2019-04-01,Saint John,0.55
2019-04-01,Saguenay,0.46
2019-04-01,Québec City,0.28
2019-04-01,Sherbrooke,0.32
2019-04-01,Trois-Riviéres,0.43
2019-04-01,Montréal,0.28
2019-04-01,Ottawa-Gatineau,0.23
2019-04-01,Kingston,0.21
2019-04-01,Peterborough,0.12
2019-04-01,Oshawa,0.12
2019-04-01,Toronto,0.10
2019-04-01,Hamilton,0.09
2019-04-01,St. Catharines-Niagara,0.10
2019-04-01,Kitchener-Cambridge-Waterloo,0.10
2019-04-01,Brantford,0.10
2019-04-01,Guelph,0.05
2019-04-01,London,0.11
2019-04-01,Windsor,0.15
2019-04-01,Barrie,0.10
2019-04-01,Greater Sudbury,0.33
2019-04-01,Thunder Bay,0.32
2019-04-01,Winnipeg,0.27
2019-04-01,Regina,0.68
2019-04-01,Saskatoon,0.59
2019-04-01,Calgary,0.36
2019-04-01,Edmonton,0.57
2019-04-01,Kelowna,0.20
2019-04-01,Abbotsford-Mission,0.10
2019-04-01,Vancouver,0.12
2019-04-01,Victoria,0.12
2019-07-01,Canada,0.29
2019-07-01,Newfoundland,0.64
2019-07-01,Prince Edward Island,0.33
2019-07-01,Nova Scotia,0.50
2019-07-01,New Brunswick,0.57
2019-07-01,Québec,0.36
2019-07-01,Ontario,0.13
2019-07-01,Manitoba,0.34
2019-07-01,Saskatchewan,0.72
2019-07-01,Alberta,0.50
2019-07-01,British Columbia,0.16
2019-07-01,St. John's,0.48
2019-07-01,Charlottetown,0.31
2019-07-01,Halifax,0.35
2019-07-01,Moncton,0.50
2019-07-01,Saint John,0.53
2019-07-01,Saguenay,0.47
2019-07-01,Québec City,0.27
2019-07-01,Sherbrooke,0.29
2019-07-01,Trois-Riviéres,0.44
2019-07-01,Montréal,0.28
2019-07-01,Ottawa-Gatineau,0.22
2019-07-01,Kingston,0.18
2019-07-01,Peterborough,0.10
2019-07-01,Oshawa,0.14
2019-07-01,Toronto,0.11
2019-07-01,Hamilton,0.08
2019-07-01,St. Catharines-Niagara,0.10
2019-07-01,Kitchener-Cambridge-Waterloo,0.11
2019-07-01,Brantford,0.14
2019-07-01,Guelph,0.05
2019-07-01,London,0.10
2019-07-01,Windsor,0.16
2019-07-01,Barrie,0.11
2019-07-01,Greater Sudbury,0.34
2019-07-01,Thunder Bay,0.38
2019-07-01,Winnipeg,0.29
2019-07-01,Regina,0.63
2019-07-01,Saskatoon,0.61
2019-07-01,Calgary,0.37
2019-07-01,Edmonton,0.54
2019-07-01,Kelowna,0.19
2019-07-01,Abbotsford-Mission,0.11
2019-07-01,Vancouver,0.12
2019-07-01,Victoria,0.11
2019-10-01,Canada,0.29
2019-10-01,Newfoundland,0.65
2019-10-01,Prince Edward Island,0.31
2019-10-01,Nova Scotia,0.49
2019-10-01,New Brunswick,0.57
2019-10-01,Québec,0.36
2019-10-01,Ontario,0.14
2019-10-01,Manitoba,0.36
2019-10-01,Saskatchewan,0.72
2019-10-01,Alberta,0.49
2019-10-01,British Columbia,0.16
2019-10-01,St. John's,0.50
2019-10-01,Charlottetown,0.27
2019-10-01,Halifax,0.34
2019-10-01,Moncton,0.48
2019-10-01,Saint John,0.51
2019-10-01,Saguenay,0.50
2019-10-01,Québec City,0.28
2019-10-01,Sherbrooke,0.30
2019-10-01,Trois-Riviéres,0.45
2019-10-01,Montréal,0.27
2019-10-01,Ottawa-Gatineau,0.21
2019-10-01,Kingston,0.17
2019-10-01,Peterborough,0.14
2019-10-01,Oshawa,0.13
2019-10-01,Toronto,0.11
2019-10-01,Hamilton,0.10
2019-10-01,St. Catharines-Niagara,0.12
2019-10-01,Kitchener-Cambridge-Waterloo,0.10
2019-10-01,Brantford,0.14
2019-10-01,Guelph,0.07
2019-10-01,London,0.10
2019-10-01,Windsor,0.15
2019-10-01,Barrie,0.14
2019-10-01,Greater Sudbury,0.35
2019-10-01,Thunder Bay,0.30
2019-10-01,Winnipeg,0.31
2019-10-01,Regina,0.62
2019-10-01,Saskatoon,0.62
2019-10-01,Calgary,0.37
2019-10-01,Edmonton,0.54
2019-10-01,Kelowna,0.18
2019-10-01,Abbotsford-Mission,0.10
2019-10-01,Vancouver,0.12
2019-10-01,Victoria,0.11
2020-01-01,Canada,0.29
2020-01-01,Newfoundland,0.66
2020-01-01,Prince Edward Island,0.25
2020-01-01,Nova Scotia,0.45
2020-01-01,New Brunswick,0.57
2020-01-01,Québec,0.35
2020-01-01,Ontario,0.13
2020-01-01,Manitoba,0.36
2020-01-01,Saskatchewan,0.74
2020-01-01,Alberta,0.51
2020-01-01,British Columbia,0.17
2020-01-01,St. John's,0.50
2020-01-01,Charlottetown,0.19
2020-01-01,Halifax,0.29
2020-01-01,Moncton,0.45
2020-01-01,Saint John,0.52
2020-01-01,Saguenay,0.49
2020-01-01,Québec City,0.28
2020-01-01,Sherbrooke,0.32
2020-01-01,Trois-Riviéres,0.43
2020-01-01,Montréal,0.26
2020-01-01,Ottawa-Gatineau,0.20
2020-01-01,Kingston,0.19
2020-01-01,Peterborough,0.09
2020-01-01,Oshawa,0.13
2020-01-01,Toronto,0.11
2020-01-01,Hamilton,0.10
2020-01-01,St. Catharines-Niagara,0.11
2020-01-01,Kitchener-Cambridge-Waterloo,0.11
2020-01-01,Brantford,0.15
2020-01-01,Guelph,0.05
2020-01-01,London,0.12
2020-01-01,Windsor,0.13
2020-01-01,Barrie,0.14
2020-01-01,Greater Sudbury,0.34
2020-01-01,Thunder Bay,0.29
2020-01-01,Winnipeg,0.32
2020-01-01,Regina,0.69
2020-01-01,Saskatoon,0.60
2020-01-01,Calgary,0.39
2020-01-01,Edmonton,0.55
2020-01-01,Kelowna,0.19
2020-01-01,Abbotsford-Mission,0.08
2020-01-01,Vancouver,0.13
2020-01-01,Victoria,0.11
2020-04-01,Canada,0.29
2020-04-01,Newfoundland,0.68
2020-04-01,Prince Edward Island,0.26
2020-04-01,Nova Scotia,0.46
2020-04-01,New Brunswick,0.54
2020-04-01,Québec,0.34
2020-04-01,Ontario,0.14
2020-04-01,Manitoba,0.37
2020-04-01,Saskatchewan,0.75
2020-04-01,Alberta,0.51
2020-04-01,British Columbia,0.18
2020-04-01,St. John's,0.50
2020-04-01,Charlottetown,0.22
2020-04-01,Halifax,0.29
2020-04-01,Moncton,0.43
2020-04-01,Saint John,0.50
2020-04-01,Saguenay,0.45
2020-04-01,Québec City,0.27
2020-04-01,Sherbrooke,0.30
2020-04-01,Trois-Riviéres,0.37
2020-04-01,Montréal,0.24
2020-04-01,Ottawa-Gatineau,0.19
2020-04-01,Kingston,0.17
2020-04-01,Peterborough,0.13
2020-04-01,Oshawa,0.14
2020-04-01,Toronto,0.11
2020-04-01,Hamilton,0.10
2020-04-01,St. Catharines-Niagara,0.13
2020-04-01,Kitchener-Cambridge-Waterloo,0.09
2020-04-01,Brantford,0.17
2020-04-01,Guelph,0.07
2020-04-01,London,0.13
2020-04-01,Windsor,0.12
2020-04-01,Barrie,0.13
2020-04-01,Greater Sudbury,0.29
2020-04-01,Thunder Bay,0.31
2020-04-01,Winnipeg,0.32
2020-04-01,Regina,0.73
2020-04-01,Saskatoon,0.56
2020-04-01,Calgary,0.39
2020-04-01,Edmonton,0.55
2020-04-01,Kelowna,0.21
2020-04-01,Abbotsford-Mission,0.11
2020-04-01,Vancouver,0.15
2020-04-01,Victoria,0.11
2020-07-01,Canada,0.29
2020-07-01,Newfoundland,0.63
2020-07-01,Prince Edward Island,0.27
2020-07-01,Nova Scotia,0.44
2020-07-01,New Brunswick,0.52
2020-07-01,Québec,0.35
2020-07-01,Ontario,0.14
2020-07-01,Manitoba,0.35
2020-07-01,Saskatchewan,0.72
2020-07-01,Alberta,0.49
2020-07-01,British Columbia,0.18
2020-07-01,St. John's,0.45
2020-07-01,Charlottetown,0.27
2020-07-01,Halifax,0.30
2020-07-01,Moncton,0.41
2020-07-01,Saint John,0.43
2020-07-01,Saguenay,0.48
2020-07-01,Québec City,0.30
2020-07-01,Sherbrooke,0.32
2020-07-01,Trois-Riviéres,0.39
2020-07-01,Montréal,0.25
2020-07-01,Ottawa-Gatineau,0.19
2020-07-01,Kingston,0.17
2020-07-01,Peterborough,0.14
2020-07-01,Oshawa,0.13
2020-07-01,Toronto,0.12
2020-07-01,Hamilton,0.11
2020-07-01,St. Catharines-Niagara,0.12
2020-07-01,Kitchener-Cambridge-Waterloo,0.08
2020-07-01,Brantford,0.16
2020-07-01,Guelph,0.07
2020-07-01,London,0.13
2020-07-01,Windsor,0.16
2020-07-01,Barrie,0.16
2020-07-01,Greater Sudbury,0.26
2020-07-01,Thunder Bay,0.32
2020-07-01,Winnipeg,0.29
2020-07-01,Regina,0.71
2020-07-01,Saskatoon,0.52
2020-07-01,Calgary,0.37
2020-07-01,Edmonton,0.53
2020-07-01,Kelowna,0.21
2020-07-01,Abbotsford-Mission,0.11
2020-07-01,Vancouver,0.15
2020-07-01,Victoria,0.12
2020-10-01,Canada,0.25
2020-10-01,Newfoundland,0.50
2020-10-01,Prince Edward Island,0.20
2020-10-01,Nova Scotia,0.37
2020-10-01,New Brunswick,0.43
2020-10-01,Québec,0.30
2020-10-01,Ontario,0.12
2020-10-01,Manitoba,0.30
2020-10-01,Saskatchewan,0.63
2020-10-01,Alberta,0.44
2020-10-01,British Columbia,0.16
2020-10-01,St. John's,0.36
2020-10-01,Charlottetown,0.19
2020-10-01,Halifax,0.24
2020-10-01,Moncton,0.36
2020-10-01,Saint John,0.34
2020-10-01,Saguenay,0.34
2020-10-01,Québec City,0.25
2020-10-01,Sherbrooke,0.29
2020-10-01,Trois-Riviéres,0.30
2020-10-01,Montréal,0.20
2020-10-01,Ottawa-Gatineau,0.16
2020-10-01,Kingston,0.18
2020-10-01,Peterborough,0.12
2020-10-01,Oshawa,0.12
2020-10-01,Toronto,0.10
2020-10-01,Hamilton,0.09
2020-10-01,St. Catharines-Niagara,0.11
2020-10-01,Kitchener-Cambridge-Waterloo,0.06
2020-10-01,Brantford,0.15
2020-10-01,Guelph,0.06
2020-10-01,London,0.13
2020-10-01,Windsor,0.11
2020-10-01,Barrie,0.13
2020-10-01,Greater Sudbury,0.27
2020-10-01,Thunder Bay,0.26
2020-10-01,Winnipeg,0.24
2020-10-01,Regina,0.57
2020-10-01,Saskatoon,0.43
2020-10-01,Calgary,0.32
2020-10-01,Edmonton,0.46
2020-10-01,Kelowna,0.19
2020-10-01,Abbotsford-Mission,0.11
2020-10-01,Vancouver,0.13
2020-10-01,Victoria,0.12
2021-01-01,Canada,0.24
2021-01-01,Newfoundland,0.51
2021-01-01,Prince Edward Island,0.22
2021-01-01,Nova Scotia,0.35
2021-01-01,New Brunswick,0.44
2021-01-01,Québec,0.28
2021-01-01,Ontario,0.12
2021-01-01,Manitoba,0.29
2021-01-01,Saskatchewan,0.63
2021-01-01,Alberta,0.45
2021-01-01,British Columbia,0.16
2021-01-01,St. John's,0.37
2021-01-01,Charlottetown,0.19
2021-01-01,Halifax,0.23
2021-01-01,Moncton,0.33
2021-01-01,Saint John,0.36
2021-01-01,Saguenay,0.35
2021-01-01,Québec City,0.24
2021-01-01,Sherbrooke,0.27
2021-01-01,Trois-Riviéres,0.30
2021-01-01,Montréal,0.19
2021-01-01,Ottawa-Gatineau,0.15
2021-01-01,Kingston,0.16
2021-01-01,Peterborough,0.13
2021-01-01,Oshawa,0.10
2021-01-01,Toronto,0.10
2021-01-01,Hamilton,0.10
2021-01-01,St. Catharines-Niagara,0.11
2021-01-01,Kitchener-Cambridge-Waterloo,0.07
2021-01-01,Brantford,0.15
2021-01-01,Guelph,0.05
2021-01-01,London,0.12
2021-01-01,Windsor,0.14
2021-01-01,Barrie,0.12
2021-01-01,Greater Sudbury,0.28
2021-01-01,Thunder Bay,0.28
2021-01-01,Winnipeg,0.24
2021-01-01,Regina,0.57
2021-01-01,Saskatoon,0.44
2021-01-01,Calgary,0.31
2021-01-01,Edmonton,0.47
2021-01-01,Kelowna,0.21
2021-01-01,Abbotsford-Mission,0.12
2021-01-01,Vancouver,0.14
2021-01-01,Victoria,0.10
2021-04-01,Canada,0.21
2021-04-01,Newfoundland,0.46
2021-04-01,Prince Edward Island,0.17
2021-04-01,Nova Scotia,0.30
2021-04-01,New Brunswick,0.37
2021-04-01,Québec,0.24
2021-04-01,Ontario,0.10
2021-04-01,Manitoba,0.25
2021-04-01,Saskatchewan,0.57
2021-04-01,Alberta,0.42
2021-04-01,British Columbia,0.14
2021-04-01,St. John's,0.33
2021-04-01,Charlottetown,0.14
2021-04-01,Halifax,0.21
2021-04-01,Moncton,0.29
2021-04-01,Saint John,0.33
2021-04-01,Saguenay,0.33
2021-04-01,Québec City,0.22
2021-04-01,Sherbrooke,0.25
2021-04-01,Trois-Riviéres,0.30
2021-04-01,Montréal,0.16
2021-04-01,Ottawa-Gatineau,0.13
2021-04-01,Kingston,0.11
2021-04-01,Peterborough,0.13
2021-04-01,Oshawa,0.07
2021-04-01,Toronto,0.09
2021-04-01,Hamilton,0.09
2021-04-01,St. Catharines-Niagara,0.10
2021-04-01,Kitchener-Cambridge-Waterloo,0.05
2021-04-01,Brantford,0.13
2021-04-01,Guelph,0.04
2021-04-01,London,0.10
2021-04-01,Windsor,0.09
2021-04-01,Barrie,0.09
2021-04-01,Greater Sudbury,0.19
2021-04-01,Thunder Bay,0.21
2021-04-01,Winnipeg,0.21
2021-04-01,Regina,0.51
2021-04-01,Saskatoon,0.42
2021-04-01,Calgary,0.29
2021-04-01,Edmonton,0.46
2021-04-01,Kelowna,0.16
2021-04-01,Abbotsford-Mission,0.12
2021-04-01,Vancouver,0.12
2021-04-01,Victoria,0.08
2021-07-01,Canada,0.20
2021-07-01,Newfoundland,0.44
2021-07-01,Prince Edward Island,0.17
2021-07-01,Nova Scotia,0.27
2021-07-01,New Brunswick,0.30
2021-07-01,Québec,0.22
2021-07-01,Ontario,0.09
2021-07-01,Manitoba,0.23
2021-07-01,Saskatchewan,0.52
2021-07-01,Alberta,0.41
2021-07-01,British Columbia,0.13
2021-07-01,St. John's,0.32
2021-07-01,Charlottetown,0.14
2021-07-01,Halifax,0.19
2021-07-01,Moncton,0.21
2021-07-01,Saint John,0.25
2021-07-01,Saguenay,0.31
2021-07-01,Québec City,0.20
2021-07-01,Sherbrooke,0.22
2021-07-01,Trois-Riviéres,0.30
2021-07-01,Montréal,0.15
2021-07-01,Ottawa-Gatineau,0.10
2021-07-01,Kingston,0.06
2021-07-01,Peterborough,0.09
2021-07-01,Oshawa,0.06
2021-07-01,Toronto,0.08
2021-07-01,Hamilton,0.07
2021-07-01,St. Catharines-Niagara,0.09
2021-07-01,Kitchener-Cambridge-Waterloo,0.06
2021-07-01,Brantford,0.11
2021-07-01,Guelph,0.03
2021-07-01,London,0.09
2021-07-01,Windsor,0.09
2021-07-01,Barrie,0.08
2021-07-01,Greater Sudbury,0.17
2021-07-01,Thunder Bay,0.21
2021-07-01,Winnipeg,0.20
2021-07-01,Regina,0.48
2021-07-01,Saskatoon,0.37
2021-07-01,Calgary,0.30
2021-07-01,Edmonton,0.43
2021-07-01,Kelowna,0.15
2021-07-01,Abbotsford-Mission,0.08
2021-07-01,Vancouver,0.11
2021-07-01,Victoria,0.09
2021-10-01,Canada,0.19
2021-10-01,Newfoundland,0.46
2021-10-01,Prince Edward Island,0.14
2021-10-01,Nova Scotia,0.26
2021-10-01,New Brunswick,0.27
2021-10-01,Québec,0.20
2021-10-01,Ontario,0.08
2021-10-01,Manitoba,0.23
2021-10-01,Saskatchewan,0.50
2021-10-01,Alberta,0.41
2021-10-01,British Columbia,0.13
2021-10-01,St. John's,0.32
2021-10-01,Charlottetown,0.11
2021-10-01,Halifax,0.16
2021-10-01,Moncton,0.19
2021-10-01,Saint John,0.18
2021-10-01,Saguenay,0.31
2021-10-01,Québec City,0.19
2021-10-01,Sherbrooke,0.17
2021-10-01,Trois-Riviéres,0.26
2021-10-01,Montréal,0.13
2021-10-01,Ottawa-Gatineau,0.10
2021-10-01,Kingston,0.06
2021-10-01,Peterborough,0.10
2021-10-01,Oshawa,0.06
2021-10-01,Toronto,0.07
2021-10-01,Hamilton,0.06
2021-10-01,St. Catharines-Niagara,0.07
2021-10-01,Kitchener-Cambridge-Waterloo,0.05
2021-10-01,Brantford,0.12
2021-10-01,Guelph,0.04
2021-10-01,London,0.07
2021-10-01,Windsor,0.09
2021-10-01,Barrie,0.08
2021-10-01,Greater Sudbury,0.15
2021-10-01,Thunder Bay,0.19
2021-10-01,Winnipeg,0.19
2021-10-01,Regina,0.48
2021-10-01,Saskatoon,0.35
2021-10-01,Calgary,0.29
2021-10-01,Edmonton,0.45
2021-10-01,Kelowna,0.15
2021-10-01,Abbotsford-Mission,0.09
2021-10-01,Vancouver,0.10
2021-10-01,Victoria,0.09
2022-01-01,Canada,0.17
2022-01-01,Newfoundland,0.40
2022-01-01,Prince Edward Island,0.15
2022-01-01,Nova Scotia,0.24
2022-01-01,New Brunswick,0.25
2022-01-01,Québec,0.18
2022-01-01,Ontario,0.08
2022-01-01,Manitoba,0.22
2022-01-01,Saskatchewan,0.51
2022-01-01,Alberta,0.38
2022-01-01,British Columbia,0.12
2022-01-01,St. John's,0.28
2022-01-01,Charlottetown,0.12
2022-01-01,Halifax,0.14
2022-01-01,Moncton,0.19
2022-01-01,Saint John,0.22
2022-01-01,Saguenay,0.27
2022-01-01,Québec City,0.17
2022-01-01,Sherbrooke,0.13
2022-01-01,Trois-Riviéres,0.20
2022-01-01,Montréal,0.12
2022-01-01,Ottawa-Gatineau,0.09
2022-01-01,Kingston,0.07
2022-01-01,Peterborough,0.07
2022-01-01,Oshawa,0.06
2022-01-01,Toronto,0.07
2022-01-01,Hamilton,0.05
2022-01-01,St. Catharines-Niagara,0.07
2022-01-01,Kitchener-Cambridge-Waterloo,0.04
2022-01-01,Brantford,0.13
2022-01-01,Guelph,0.05
2022-01-01,London,0.07
2022-01-01,Windsor,0.08
2022-01-01,Barrie,0.07
2022-01-01,Greater Sudbury,0.14
2022-01-01,Thunder Bay,0.21
2022-01-01,Winnipeg,0.19
2022-01-01,Regina,0.53
2022-01-01,Saskatoon,0.32
2022-01-01,Calgary,0.26
2022-01-01,Edmonton,0.42
2022-01-01,Kelowna,0.14
2022-01-01,Abbotsford-Mission,0.07
2022-01-01,Vancouver,0.10
2022-01-01,Victoria,0.08
2022-04-01,Canada,0.16
2022-04-01,Newfoundland,0.35
2022-04-01,Prince Edward Island,0.14
2022-04-01,Nova Scotia,0.23
2022-04-01,New Brunswick,0.23
2022-04-01,Québec,0.15
2022-04-01,Ontario,0.07
2022-04-01,Manitoba,0.20
2022-04-01,Saskatchewan,0.50
2022-04-01,Alberta,0.34
2022-04-01,British Columbia,0.11
2022-04-01,St. John's,0.24
2022-04-01,Charlottetown,0.09
2022-04-01,Halifax,0.13
2022-04-01,Moncton,0.15
2022-04-01,Saint John,0.20
2022-04-01,Saguenay,0.26
2022-04-01,Québec City,0.15
2022-04-01,Sherbrooke,0.13
2022-04-01,Trois-Riviéres,0.17
2022-04-01,Montréal,0.10
2022-04-01,Ottawa-Gatineau,0.08
2022-04-01,Kingston,0.08
2022-04-01,Peterborough,0.06
2022-04-01,Oshawa,0.06
2022-04-01,Toronto,0.06
2022-04-01,Hamilton,0.04
2022-04-01,St. Catharines-Niagara,0.07
2022-04-01,Kitchener-Cambridge-Waterloo,0.05
2022-04-01,Brantford,0.13
2022-04-01,Guelph,0.06
2022-04-01,London,0.05
2022-04-01,Windsor,0.07
2022-04-01,Barrie,0.05
2022-04-01,Greater Sudbury,0.14
2022-04-01,Thunder Bay,0.18
2022-04-01,Winnipeg,0.17
2022-04-01,Regina,0.55
2022-04-01,Saskatoon,0.31
2022-04-01,Calgary,0.22
2022-04-01,Edmonton,0.38
2022-04-01,Kelowna,0.10
2022-04-01,Abbotsford-Mission,0.06
2022-04-01,Vancouver,0.09
2022-04-01,Victoria,0.08
2022-07-01,Canada,0.14
2022-07-01,Newfoundland,0.31
2022-07-01,Prince Edward Island,0.13
2022-07-01,Nova Scotia,0.23
2022-07-01,New Brunswick,0.23
2022-07-01,Québec,0.13
2022-07-01,Ontario,0.07
2022-07-01,Manitoba,0.20
2022-07-01,Saskatchewan,0.52
2022-07-01,Alberta,0.31
2022-07-01,British Columbia,0.10
2022-07-01,St. John's,0.23
2022-07-01,Charlottetown,0.09
2022-07-01,Halifax,0.14
2022-07-01,Moncton,0.16
2022-07-01,Saint John,0.17
2022-07-01,Saguenay,0.21
2022-07-01,Québec City,0.12
2022-07-01,Sherbrooke,0.11
2022-07-01,Trois-Riviéres,0.14
2022-07-01,Montréal,0.09
2022-07-01,Ottawa-Gatineau,0.07
2022-07-01,Kingston,0.07
2022-07-01,Peterborough,0.10
2022-07-01,Oshawa,0.06
2022-07-01,Toronto,0.06
2022-07-01,Hamilton,0.05
2022-07-01,St. Catharines-Niagara,0.08
2022-07-01,Kitchener-Cambridge-Waterloo,0.06
2022-07-01,Brantford,0.11
2022-07-01,Guelph,0.05
2022-07-01,London,0.06
2022-07-01,Windsor,0.06
2022-07-01,Barrie,0.05
2022-07-01,Greater Sudbury,0.18
2022-07-01,Thunder Bay,0.20
2022-07-01,Winnipeg,0.17
2022-07-01,Regina,0.57
2022-07-01,Saskatoon,0.34
2022-07-01,Calgary,0.19
2022-07-01,Edmonton,0.35
2022-07-01,Kelowna,0.10
2022-07-01,Abbotsford-Mission,0.07
2022-07-01,Vancouver,0.08
2022-07-01,Victoria,0.06
2022-10-01,Canada,0.14
2022-10-01,Newfoundland,0.34
2022-10-01,Prince Edward Island,0.13
2022-10-01,Nova Scotia,0.22
2022-10-01,New Brunswick,0.23
2022-10-01,Québec,0.12
2022-10-01,Ontario,0.08
2022-10-01,Manitoba,0.20
2022-10-01,Saskatchewan,0.51
2022-10-01,Alberta,0.30
2022-10-01,British Columbia,0.10
2022-10-01,St. John's,0.26
2022-10-01,Charlottetown,0.09
2022-10-01,Halifax,0.12
2022-10-01,Moncton,0.15
2022-10-01,Saint John,0.22
2022-10-01,Saguenay,0.18
2022-10-01,Québec City,0.10
2022-10-01,Sherbrooke,0.09
2022-10-01,Trois-Riviéres,0.13
2022-10-01,Montréal,0.10
2022-10-01,Ottawa-Gatineau,0.08
2022-10-01,Kingston,0.08
2022-10-01,Peterborough,0.09
2022-10-01,Oshawa,0.08
2022-10-01,Toronto,0.07
2022-10-01,Hamilton,0.06
2022-10-01,St. Catharines-Niagara,0.09
2022-10-01,Kitchener-Cambridge-Waterloo,0.07
2022-10-01,Brantford,0.15
2022-10-01,Guelph,0.07
2022-10-01,London,0.07
2022-10-01,Windsor,0.09
2022-10-01,Barrie,0.07
2022-10-01,Greater Sudbury,0.19
2022-10-01,Thunder Bay,0.26
2022-10-01,Winnipeg,0.17
2022-10-01,Regina,0.55
2022-10-01,Saskatoon,0.35
2022-10-01,Calgary,0.18
2022-10-01,Edmonton,0.34
2022-10-01,Kelowna,0.10
2022-10-01,Abbotsford-Mission,0.07
2022-10-01,Vancouver,0.08
2022-10-01,Victoria,0.08
2023-01-01,Canada,0.15
2023-01-01,Newfoundland,0.37
2023-01-01,Prince Edward Island,0.11
2023-01-01,Nova Scotia,0.22
2023-01-01,New Brunswick,0.23
2023-01-01,Québec,0.13
2023-01-01,Ontario,0.09
2023-01-01,Manitoba,0.21
2023-01-01,Saskatchewan,0.51
2023-01-01,Alberta,0.30
2023-01-01,British Columbia,0.11
2023-01-01,St. John's,0.30
2023-01-01,Charlottetown,0.08
2023-01-01,Halifax,0.12
2023-01-01,Moncton,0.13
2023-01-01,Saint John,0.18
2023-01-01,Saguenay,0.17
2023-01-01,Québec City,0.11
2023-01-01,Sherbrooke,0.10
2023-01-01,Trois-Riviéres,0.10
2023-01-01,Montréal,0.09
2023-01-01,Ottawa-Gatineau,0.09
2023-01-01,Kingston,0.09
2023-01-01,Peterborough,0.10
2023-01-01,Oshawa,0.08
2023-01-01,Toronto,0.08
2023-01-01,Hamilton,0.06
2023-01-01,St. Catharines-Niagara,0.11
2023-01-01,Kitchener-Cambridge-Waterloo,0.07
2023-01-01,Brantford,0.11
2023-01-01,Guelph,0.08
2023-01-01,London,0.09
2023-01-01,Windsor,0.10
2023-01-01,Barrie,0.09
2023-01-01,Greater Sudbury,0.21
2023-01-01,Thunder Bay,0.21
2023-01-01,Winnipeg,0.18
2023-01-01,Regina,0.54
2023-01-01,Saskatoon,0.34
2023-01-01,Calgary,0.19
2023-01-01,Edmonton,0.35
2023-01-01,Kelowna,0.13
2023-01-01,Abbotsford-Mission,0.07
2023-01-01,Vancouver,0.08
2023-01-01,Victoria,0.07
2023-04-01,Canada,0.15
2023-04-01,Newfoundland,0.33
2023-04-01,Prince Edward Island,0.15
2023-04-01,Nova Scotia,0.20
2023-04-01,New Brunswick,0.21
2023-04-01,Québec,0.13
2023-04-01,Ontario,0.09
2023-04-01,Manitoba,0.20
2023-04-01,Saskatchewan,0.46
2023-04-01,Alberta,0.28
2023-04-01,British Columbia,0.11
2023-04-01,St. John's,0.24
2023-04-01,Charlottetown,0.11
2023-04-01,Halifax,0.11
2023-04-01,Moncton,0.11
2023-04-01,Saint John,0.19
2023-04-01,Saguenay,0.14
2023-04-01,Québec City,0.11
2023-04-01,Sherbrooke,0.10
2023-04-01,Trois-Riviéres,0.09
2023-04-01,Montréal,0.10
2023-04-01,Ottawa-Gatineau,0.09
2023-04-01,Kingston,0.09
2023-04-01,Peterborough,0.09
2023-04-01,Oshawa,0.08
2023-04-01,Toronto,0.08
2023-04-01,Hamilton,0.06
2023-04-01,St. Catharines-Niagara,0.12
2023-04-01,Kitchener-Cambridge-Waterloo,0.06
2023-04-01,Brantford,0.11
2023-04-01,Guelph,0.07
2023-04-01,London,0.10
2023-04-01,Windsor,0.09
2023-04-01,Barrie,0.08
2023-04-01,Greater Sudbury,0.19
2023-04-01,Thunder Bay,0.19
2023-04-01,Winnipeg,0.18
2023-04-01,Regina,0.50
2023-04-01,Saskatoon,0.28
2023-04-01,Calgary,0.18
2023-04-01,Edmonton,0.33
2023-04-01,Kelowna,0.12
2023-04-01,Abbotsford-Mission,0.08
2023-04-01,Vancouver,0.09
2023-04-01,Victoria,0.09
2023-07-01,Canada,0.15
2023-07-01,Newfoundland,0.32
2023-07-01,Prince Edward Island,0.11
2023-07-01,Nova Scotia,0.22
2023-07-01,New Brunswick,0.27
2023-07-01,Québec,0.13
2023-07-01,Ontario,0.10
2023-07-01,Manitoba,0.22
2023-07-01,Saskatchewan,0.44
2023-07-01,Alberta,0.27
2023-07-01,British Columbia,0.11
2023-07-01,St. John's,0.25
2023-07-01,Charlottetown,0.09
2023-07-01,Halifax,0.11
2023-07-01,Moncton,0.16
2023-07-01,Saint John,0.15
2023-07-01,Saguenay,0.15
2023-07-01,Québec City,0.11
2023-07-01,Sherbrooke,0.08
2023-07-01,Trois-Riviéres,0.12
2023-07-01,Montréal,0.10
2023-07-01,Ottawa-Gatineau,0.09
2023-07-01,Kingston,0.09
2023-07-01,Peterborough,0.09
2023-07-01,Oshawa,0.08
2023-07-01,Toronto,0.10
2023-07-01,Hamilton,0.08
2023-07-01,St. Catharines-Niagara,0.13
2023-07-01,Kitchener-Cambridge-Waterloo,0.06
2023-07-01,Brantford,0.13
2023-07-01,Guelph,0.08
2023-07-01,London,0.11
2023-07-01,Windsor,0.10
2023-07-01,Barrie,0.10
2023-07-01,Greater Sudbury,0.16
2023-07-01,Thunder Bay,0.16
2023-07-01,Winnipeg,0.18
2023-07-01,Regina,0.48
2023-07-01,Saskatoon,0.29
2023-07-01,Calgary,0.17
2023-07-01,Edmonton,0.32
2023-07-01,Kelowna,0.13
2023-07-01,Abbotsford-Mission,0.11
2023-07-01,Vancouver,0.10
2023-07-01,Victoria,0.10
2023-10-01,Canada,0.17
2023-10-01,Newfoundland,0.35
2023-10-01,Prince Edward Island,0.13
2023-10-01,Nova Scotia,0.24
2023-10-01,New Brunswick,0.31
2023-10-01,Québec,0.15
2023-10-01,Ontario,0.13
2023-10-01,Manitoba,0.22
2023-10-01,Saskatchewan,0.46
2023-10-01,Alberta,0.28
2023-10-01,British Columbia,0.13
2023-10-01,St. John's,0.27
2023-10-01,Charlottetown,0.11
2023-10-01,Halifax,0.13
2023-10-01,Moncton,0.21
2023-10-01,Saint John,0.17
2023-10-01,Saguenay,0.21
2023-10-01,Québec City,0.12
2023-10-01,Sherbrooke,0.08
2023-10-01,Trois-Riviéres,0.13
2023-10-01,Montréal,0.13
2023-10-01,Ottawa-Gatineau,0.11
2023-10-01,Kingston,0.11
2023-10-01,Peterborough,0.13
2023-10-01,Oshawa,0.13
2023-10-01,Toronto,0.12
2023-10-01,Hamilton,0.11
2023-10-01,St. Catharines-Niagara,0.16
2023-10-01,Kitchener-Cambridge-Waterloo,0.09
2023-10-01,Brantford,0.17
2023-10-01,Guelph,0.09
2023-10-01,London,0.11
2023-10-01,Windsor,0.12
2023-10-01,Barrie,0.12
2023-10-01,Greater Sudbury,0.14
2023-10-01,Thunder Bay,0.15
2023-10-01,Winnipeg,0.20
2023-10-01,Regina,0.52
2023-10-01,Saskatoon,0.29
2023-10-01,Calgary,0.18
2023-10-01,Edmonton,0.32
2023-10-01,Kelowna,0.13
2023-10-01,Abbotsford-Mission,0.13
2023-10-01,Vancouver,0.12
2023-10-01,Victoria,0.08
2024-01-01,Canada,0.19
2024-01-01,Newfoundland,0.35
2024-01-01,Prince Edward Island,0.15
2024-01-01,Nova Scotia,0.24
2024-01-01,New Brunswick,0.31
2024-01-01,Québec,0.17
2024-01-01,Ontario,0.15
2024-01-01,Manitoba,0.24
2024-01-01,Saskatchewan,0.49
2024-01-01,Alberta,0.28
2024-01-01,British Columbia,0.15
2024-01-01,St. John's,0.27
2024-01-01,Charlottetown,0.09
2024-01-01,Halifax,0.14
2024-01-01,Moncton,0.25
2024-01-01,Saint John,0.17
2024-01-01,Saguenay,0.18
2024-01-01,Québec City,0.12
2024-01-01,Sherbrooke,0.08
2024-01-01,Trois-Riviéres,0.14
2024-01-01,Montréal,0.15
2024-01-01,Ottawa-Gatineau,0.11
2024-01-01,Kingston,0.14
2024-01-01,Peterborough,0.15
2024-01-01,Oshawa,0.16
2024-01-01,Toronto,0.14
2024-01-01,Hamilton,0.11
2024-01-01,St. Catharines-Niagara,0.19
2024-01-01,Kitchener-Cambridge-Waterloo,0.13
2024-01-01,Brantford,0.18
2024-01-01,Guelph,0.09
2024-01-01,London,0.14
2024-01-01,Windsor,0.14
2024-01-01,Barrie,0.15
2024-01-01,Greater Sudbury,0.17
2024-01-01,Thunder Bay,0.24
2024-01-01,Winnipeg,0.21
2024-01-01,Regina,0.51
2024-01-01,Saskatoon,0.33
2024-01-01,Calgary,0.18
2024-01-01,Edmonton,0.34
2024-01-01,Kelowna,0.14
2024-01-01,Abbotsford-Mission,0.19
2024-01-01,Vancouver,0.13
2024-01-01,Victoria,0.07
2024-04-01,Canada,0.19
2024-04-01,Newfoundland,0.34
2024-04-01,Prince Edward Island,0.16
2024-04-01,Nova Scotia,0.25
2024-04-01,New Brunswick,0.30
2024-04-01,Québec,0.17
2024-04-01,Ontario,0.16
2024-04-01,Manitoba,0.23
2024-04-01,Saskatchewan,0.46
2024-04-01,Alberta,0.28
2024-04-01,British Columbia,0.16
2024-04-01,St. John's,0.24
2024-04-01,Charlottetown,0.11
2024-04-01,Halifax,0.15
2024-04-01,Moncton,0.26
2024-04-01,Saint John,0.17
2024-04-01,Saguenay,0.18
2024-04-01,Québec City,0.14
2024-04-01,Sherbrooke,0.13
2024-04-01,Trois-Riviéres,0.17
2024-04-01,Montréal,0.15
2024-04-01,Ottawa-Gatineau,0.12
2024-04-01,Kingston,0.17
2024-04-01,Peterborough,0.15
2024-04-01,Oshawa,0.17
2024-04-01,Toronto,0.15
2024-04-01,Hamilton,0.13
2024-04-01,St. Catharines-Niagara,0.20
2024-04-01,Kitchener-Cambridge-Waterloo,0.14
2024-04-01,Brantford,0.20
2024-04-01,Guelph,0.08
2024-04-01,London,0.16
2024-04-01,Windsor,0.15
2024-04-01,Barrie,0.19
2024-04-01,Greater Sudbury,0.17
2024-04-01,Thunder Bay,0.20
2024-04-01,Winnipeg,0.20
2024-04-01,Regina,0.47
2024-04-01,Saskatoon,0.30
2024-04-01,Calgary,0.17
2024-04-01,Edmonton,0.34
2024-04-01,Kelowna,0.18
2024-04-01,Abbotsford-Mission,0.20
2024-04-01,Vancouver,0.15
2024-04-01,Victoria,0.10
2024-07-01,Canada,0.20
2024-07-01,Newfoundland,0.37
2024-07-01,Prince Edward Island,0.19
2024-07-01,Nova Scotia,0.26
2024-07-01,New Brunswick,0.27
2024-07-01,Québec,0.17
2024-07-01,Ontario,0.18
2024-07-01,Manitoba,0.25
2024-07-01,Saskatchewan,0.44
2024-07-01,Alberta,0.26
2024-07-01,British Columbia,0.16
2024-07-01,St. John's,0.28
2024-07-01,Charlottetown,0.14
2024-07-01,Halifax,0.18
2024-07-01,Moncton,0.23
2024-07-01,Saint John,0.19
2024-07-01,Saguenay,0.20
2024-07-01,Québec City,0.13
2024-07-01,Sherbrooke,0.10
2024-07-01,Trois-Riviéres,0.15
2024-07-01,Montréal,0.15
2024-07-01,Ottawa-Gatineau,0.14
2024-07-01,Kingston,0.14
2024-07-01,Peterborough,0.19
2024-07-01,Oshawa,0.20
2024-07-01,Toronto,0.17
2024-07-01,Hamilton,0.15
2024-07-01,St. Catharines-Niagara,0.19
2024-07-01,Kitchener-Cambridge-Waterloo,0.16
2024-07-01,Brantford,0.20
2024-07-01,Guelph,0.10
2024-07-01,London,0.19
2024-07-01,Windsor,0.18
2024-07-01,Barrie,0.22
2024-07-01,Greater Sudbury,0.18
2024-07-01,Thunder Bay,0.22
2024-07-01,Winnipeg,0.22
2024-07-01,Regina,0.44
2024-07-01,Saskatoon,0.30
2024-07-01,Calgary,0.17
2024-07-01,Edmonton,0.33
2024-07-01,Kelowna,0.20
2024-07-01,Abbotsford-Mission,0.20
2024-07-01,Vancouver,0.14
2024-07-01,Victoria,0.10
2024-10-01,Canada,0.21
2024-10-01,Newfoundland,0.38
2024-10-01,Prince Edward Island,0.23
2024-10-01,Nova Scotia,0.28
2024-10-01,New Brunswick,0.26
2024-10-01,Québec,0.18
2024-10-01,Ontario,0.20
2024-10-01,Manitoba,0.26
2024-10-01,Saskatchewan,0.44
2024-10-01,Alberta,0.27
2024-10-01,British Columbia,0.17
2024-10-01,St. John's,0.29
2024-10-01,Charlottetown,0.13
2024-10-01,Halifax,0.18
2024-10-01,Moncton,0.18
2024-10-01,Saint John,0.24
2024-10-01,Saguenay,0.22
2024-10-01,Québec City,0.14
2024-10-01,Sherbrooke,0.12
2024-10-01,Trois-Riviéres,0.13
2024-10-01,Montréal,0.16
2024-10-01,Ottawa-Gatineau,0.15
2024-10-01,Kingston,0.14
2024-10-01,Peterborough,0.19
2024-10-01,Oshawa,0.24
2024-10-01,Toronto,0.20
2024-10-01,Hamilton,0.17
2024-10-01,St. Catharines-Niagara,0.19
2024-10-01,Kitchener-Cambridge-Waterloo,0.17
2024-10-01,Brantford,0.20
2024-10-01,Guelph,0.15
2024-10-01,London,0.19
2024-10-01,Windsor,0.15
2024-10-01,Barrie,0.23
2024-10-01,Greater Sudbury,0.17
2024-10-01,Thunder Bay,0.31
2024-10-01,Winnipeg,0.23
2024-10-01,Regina,0.45
2024-10-01,Saskatoon,0.32
2024-10-01,Calgary,0.17
2024-10-01,Edmonton,0.33
2024-10-01,Kelowna,0.17
2024-10-01,Abbotsford-Mission,0.22
2024-10-01,Vancouver,0.16
2024-10-01,Victoria,0.11
